email,password
perftest081@perftest12345.com,Pa55word11
perftest001@perftest12345.com,Pa55word11
perftest002@perftest12345.com,Pa55word11
perftest003@perftest12345.com,Pa55word11
perftest004@perftest12345.com,Pa55word11
perftest005@perftest12345.com,Pa55word11
perftest006@perftest12345.com,Pa55word11
perftest007@perftest12345.com,Pa55word11
perftest008@perftest12345.com,Pa55word11
perftest009@perftest12345.com,Pa55word11
perftest010@perftest12345.com,Pa55word11
perftest011@perftest12345.com,Pa55word11
perftest012@perftest12345.com,Pa55word11
perftest013@perftest12345.com,Pa55word11
perftest014@perftest12345.com,Pa55word11
perftest015@perftest12345.com,Pa55word11
perftest016@perftest12345.com,Pa55word11
perftest017@perftest12345.com,Pa55word11
perftest018@perftest12345.com,Pa55word11
perftest019@perftest12345.com,Pa55word11
perftest020@perftest12345.com,Pa55word11
perftest021@perftest12345.com,Pa55word11
perftest022@perftest12345.com,Pa55word11
perftest023@perftest12345.com,Pa55word11
perftest024@perftest12345.com,Pa55word11
perftest025@perftest12345.com,Pa55word11
perftest026@perftest12345.com,Pa55word11
perftest027@perftest12345.com,Pa55word11
perftest028@perftest12345.com,Pa55word11
perftest029@perftest12345.com,Pa55word11
perftest030@perftest12345.com,Pa55word11