firstname,lastname,email,deceasedfname,deceasedlastname,paymentemail
caveatfirst1,caveatlast1,probate-perftest1,dfname1,dlname1,probate-pay-perf1
caveatfirst2,caveatlast2,probate-perftest2,dfname2,dlname2,probate-pay-perf2
caveatfirst3,caveatlast3,probate-perftest3,dfname3,dlname3,probate-pay-perf3
caveatfirst4,caveatlast4,probate-perftest4,dfname4,dlname4,probate-pay-perf4
caveatfirst5,caveatlast5,probate-perftest5,dfname5,dlname5,probate-pay-perf5
caveatfirst6,caveatlast6,probate-perftest6,dfname6,dlname6,probate-pay-perf6
caveatfirst7,caveatlast7,probate-perftest7,dfname7,dlname7,probate-pay-perf7
caveatfirst8,caveatlast8,probate-perftest8,dfname8,dlname8,probate-pay-perf8
caveatfirst9,caveatlast9,probate-perftest9,dfname9,dlname9,probate-pay-perf9
caveatfirst10,caveatlast10,probate-perftest10,dfname10,dlname10,probate-pay-perf10
caveatfirst11,caveatlast11,probate-perftest11,dfname11,dlname11,probate-pay-perf11
caveatfirst12,caveatlast12,probate-perftest12,dfname12,dlname12,probate-pay-perf12
caveatfirst13,caveatlast13,probate-perftest13,dfname13,dlname13,probate-pay-perf13
caveatfirst14,caveatlast14,probate-perftest14,dfname14,dlname14,probate-pay-perf14
caveatfirst15,caveatlast15,probate-perftest15,dfname15,dlname15,probate-pay-perf15
caveatfirst16,caveatlast16,probate-perftest16,dfname16,dlname16,probate-pay-perf16
caveatfirst17,caveatlast17,probate-perftest17,dfname17,dlname17,probate-pay-perf17
caveatfirst18,caveatlast18,probate-perftest18,dfname18,dlname18,probate-pay-perf18
caveatfirst19,caveatlast19,probate-perftest19,dfname19,dlname19,probate-pay-perf19
caveatfirst20,caveatlast20,probate-perftest20,dfname20,dlname20,probate-pay-perf20
caveatfirst21,caveatlast21,probate-perftest21,dfname21,dlname21,probate-pay-perf21
caveatfirst22,caveatlast22,probate-perftest22,dfname22,dlname22,probate-pay-perf22
caveatfirst23,caveatlast23,probate-perftest23,dfname23,dlname23,probate-pay-perf23
caveatfirst24,caveatlast24,probate-perftest24,dfname24,dlname24,probate-pay-perf24
caveatfirst25,caveatlast25,probate-perftest25,dfname25,dlname25,probate-pay-perf25
caveatfirst26,caveatlast26,probate-perftest26,dfname26,dlname26,probate-pay-perf26
caveatfirst27,caveatlast27,probate-perftest27,dfname27,dlname27,probate-pay-perf27
caveatfirst28,caveatlast28,probate-perftest28,dfname28,dlname28,probate-pay-perf28
caveatfirst29,caveatlast29,probate-perftest29,dfname29,dlname29,probate-pay-perf29
caveatfirst30,caveatlast30,probate-perftest30,dfname30,dlname30,probate-pay-perf30
caveatfirst31,caveatlast31,probate-perftest31,dfname31,dlname31,probate-pay-perf31
caveatfirst32,caveatlast32,probate-perftest32,dfname32,dlname32,probate-pay-perf32
caveatfirst33,caveatlast33,probate-perftest33,dfname33,dlname33,probate-pay-perf33
caveatfirst34,caveatlast34,probate-perftest34,dfname34,dlname34,probate-pay-perf34
caveatfirst35,caveatlast35,probate-perftest35,dfname35,dlname35,probate-pay-perf35
caveatfirst36,caveatlast36,probate-perftest36,dfname36,dlname36,probate-pay-perf36
caveatfirst37,caveatlast37,probate-perftest37,dfname37,dlname37,probate-pay-perf37
caveatfirst38,caveatlast38,probate-perftest38,dfname38,dlname38,probate-pay-perf38
caveatfirst39,caveatlast39,probate-perftest39,dfname39,dlname39,probate-pay-perf39
caveatfirst40,caveatlast40,probate-perftest40,dfname40,dlname40,probate-pay-perf40
caveatfirst41,caveatlast41,probate-perftest41,dfname41,dlname41,probate-pay-perf41
caveatfirst42,caveatlast42,probate-perftest42,dfname42,dlname42,probate-pay-perf42
caveatfirst43,caveatlast43,probate-perftest43,dfname43,dlname43,probate-pay-perf43
caveatfirst44,caveatlast44,probate-perftest44,dfname44,dlname44,probate-pay-perf44
caveatfirst45,caveatlast45,probate-perftest45,dfname45,dlname45,probate-pay-perf45
caveatfirst46,caveatlast46,probate-perftest46,dfname46,dlname46,probate-pay-perf46
caveatfirst47,caveatlast47,probate-perftest47,dfname47,dlname47,probate-pay-perf47
caveatfirst48,caveatlast48,probate-perftest48,dfname48,dlname48,probate-pay-perf48
caveatfirst49,caveatlast49,probate-perftest49,dfname49,dlname49,probate-pay-perf49
caveatfirst50,caveatlast50,probate-perftest50,dfname50,dlname50,probate-pay-perf50
caveatfirst51,caveatlast51,probate-perftest51,dfname51,dlname51,probate-pay-perf51
caveatfirst52,caveatlast52,probate-perftest52,dfname52,dlname52,probate-pay-perf52
caveatfirst53,caveatlast53,probate-perftest53,dfname53,dlname53,probate-pay-perf53
caveatfirst54,caveatlast54,probate-perftest54,dfname54,dlname54,probate-pay-perf54
caveatfirst55,caveatlast55,probate-perftest55,dfname55,dlname55,probate-pay-perf55
caveatfirst56,caveatlast56,probate-perftest56,dfname56,dlname56,probate-pay-perf56
caveatfirst57,caveatlast57,probate-perftest57,dfname57,dlname57,probate-pay-perf57
caveatfirst58,caveatlast58,probate-perftest58,dfname58,dlname58,probate-pay-perf58
caveatfirst59,caveatlast59,probate-perftest59,dfname59,dlname59,probate-pay-perf59
caveatfirst60,caveatlast60,probate-perftest60,dfname60,dlname60,probate-pay-perf60
caveatfirst61,caveatlast61,probate-perftest61,dfname61,dlname61,probate-pay-perf61
caveatfirst62,caveatlast62,probate-perftest62,dfname62,dlname62,probate-pay-perf62
caveatfirst63,caveatlast63,probate-perftest63,dfname63,dlname63,probate-pay-perf63
caveatfirst64,caveatlast64,probate-perftest64,dfname64,dlname64,probate-pay-perf64
caveatfirst65,caveatlast65,probate-perftest65,dfname65,dlname65,probate-pay-perf65
caveatfirst66,caveatlast66,probate-perftest66,dfname66,dlname66,probate-pay-perf66
caveatfirst67,caveatlast67,probate-perftest67,dfname67,dlname67,probate-pay-perf67
caveatfirst68,caveatlast68,probate-perftest68,dfname68,dlname68,probate-pay-perf68
caveatfirst69,caveatlast69,probate-perftest69,dfname69,dlname69,probate-pay-perf69
caveatfirst70,caveatlast70,probate-perftest70,dfname70,dlname70,probate-pay-perf70
caveatfirst71,caveatlast71,probate-perftest71,dfname71,dlname71,probate-pay-perf71
caveatfirst72,caveatlast72,probate-perftest72,dfname72,dlname72,probate-pay-perf72
caveatfirst73,caveatlast73,probate-perftest73,dfname73,dlname73,probate-pay-perf73
caveatfirst74,caveatlast74,probate-perftest74,dfname74,dlname74,probate-pay-perf74
caveatfirst75,caveatlast75,probate-perftest75,dfname75,dlname75,probate-pay-perf75
caveatfirst76,caveatlast76,probate-perftest76,dfname76,dlname76,probate-pay-perf76
caveatfirst77,caveatlast77,probate-perftest77,dfname77,dlname77,probate-pay-perf77
caveatfirst78,caveatlast78,probate-perftest78,dfname78,dlname78,probate-pay-perf78
caveatfirst79,caveatlast79,probate-perftest79,dfname79,dlname79,probate-pay-perf79
caveatfirst80,caveatlast80,probate-perftest80,dfname80,dlname80,probate-pay-perf80
caveatfirst81,caveatlast81,probate-perftest81,dfname81,dlname81,probate-pay-perf81
caveatfirst82,caveatlast82,probate-perftest82,dfname82,dlname82,probate-pay-perf82
caveatfirst83,caveatlast83,probate-perftest83,dfname83,dlname83,probate-pay-perf83
caveatfirst84,caveatlast84,probate-perftest84,dfname84,dlname84,probate-pay-perf84
caveatfirst85,caveatlast85,probate-perftest85,dfname85,dlname85,probate-pay-perf85
caveatfirst86,caveatlast86,probate-perftest86,dfname86,dlname86,probate-pay-perf86
caveatfirst87,caveatlast87,probate-perftest87,dfname87,dlname87,probate-pay-perf87
caveatfirst88,caveatlast88,probate-perftest88,dfname88,dlname88,probate-pay-perf88
caveatfirst89,caveatlast89,probate-perftest89,dfname89,dlname89,probate-pay-perf89
caveatfirst90,caveatlast90,probate-perftest90,dfname90,dlname90,probate-pay-perf90
caveatfirst91,caveatlast91,probate-perftest91,dfname91,dlname91,probate-pay-perf91
caveatfirst92,caveatlast92,probate-perftest92,dfname92,dlname92,probate-pay-perf92
caveatfirst93,caveatlast93,probate-perftest93,dfname93,dlname93,probate-pay-perf93
caveatfirst94,caveatlast94,probate-perftest94,dfname94,dlname94,probate-pay-perf94
caveatfirst95,caveatlast95,probate-perftest95,dfname95,dlname95,probate-pay-perf95
caveatfirst96,caveatlast96,probate-perftest96,dfname96,dlname96,probate-pay-perf96
caveatfirst97,caveatlast97,probate-perftest97,dfname97,dlname97,probate-pay-perf97
caveatfirst98,caveatlast98,probate-perftest98,dfname98,dlname98,probate-pay-perf98
caveatfirst99,caveatlast99,probate-perftest99,dfname99,dlname99,probate-pay-perf99
caveatfirst100,caveatlast100,probate-perftest100,dfname100,dlname100,probate-pay-perf100
caveatfirst101,caveatlast101,probate-perftest101,dfname101,dlname101,probate-pay-perf101
caveatfirst102,caveatlast102,probate-perftest102,dfname102,dlname102,probate-pay-perf102
caveatfirst103,caveatlast103,probate-perftest103,dfname103,dlname103,probate-pay-perf103
caveatfirst104,caveatlast104,probate-perftest104,dfname104,dlname104,probate-pay-perf104
caveatfirst105,caveatlast105,probate-perftest105,dfname105,dlname105,probate-pay-perf105
caveatfirst106,caveatlast106,probate-perftest106,dfname106,dlname106,probate-pay-perf106
caveatfirst107,caveatlast107,probate-perftest107,dfname107,dlname107,probate-pay-perf107
caveatfirst108,caveatlast108,probate-perftest108,dfname108,dlname108,probate-pay-perf108
caveatfirst109,caveatlast109,probate-perftest109,dfname109,dlname109,probate-pay-perf109
caveatfirst110,caveatlast110,probate-perftest110,dfname110,dlname110,probate-pay-perf110
caveatfirst111,caveatlast111,probate-perftest111,dfname111,dlname111,probate-pay-perf111
caveatfirst112,caveatlast112,probate-perftest112,dfname112,dlname112,probate-pay-perf112
caveatfirst113,caveatlast113,probate-perftest113,dfname113,dlname113,probate-pay-perf113
caveatfirst114,caveatlast114,probate-perftest114,dfname114,dlname114,probate-pay-perf114
caveatfirst115,caveatlast115,probate-perftest115,dfname115,dlname115,probate-pay-perf115
caveatfirst116,caveatlast116,probate-perftest116,dfname116,dlname116,probate-pay-perf116
caveatfirst117,caveatlast117,probate-perftest117,dfname117,dlname117,probate-pay-perf117
caveatfirst118,caveatlast118,probate-perftest118,dfname118,dlname118,probate-pay-perf118
caveatfirst119,caveatlast119,probate-perftest119,dfname119,dlname119,probate-pay-perf119
caveatfirst120,caveatlast120,probate-perftest120,dfname120,dlname120,probate-pay-perf120
caveatfirst121,caveatlast121,probate-perftest121,dfname121,dlname121,probate-pay-perf121
caveatfirst122,caveatlast122,probate-perftest122,dfname122,dlname122,probate-pay-perf122
caveatfirst123,caveatlast123,probate-perftest123,dfname123,dlname123,probate-pay-perf123
caveatfirst124,caveatlast124,probate-perftest124,dfname124,dlname124,probate-pay-perf124
caveatfirst125,caveatlast125,probate-perftest125,dfname125,dlname125,probate-pay-perf125
caveatfirst126,caveatlast126,probate-perftest126,dfname126,dlname126,probate-pay-perf126
caveatfirst127,caveatlast127,probate-perftest127,dfname127,dlname127,probate-pay-perf127
caveatfirst128,caveatlast128,probate-perftest128,dfname128,dlname128,probate-pay-perf128
caveatfirst129,caveatlast129,probate-perftest129,dfname129,dlname129,probate-pay-perf129
caveatfirst130,caveatlast130,probate-perftest130,dfname130,dlname130,probate-pay-perf130
caveatfirst131,caveatlast131,probate-perftest131,dfname131,dlname131,probate-pay-perf131
caveatfirst132,caveatlast132,probate-perftest132,dfname132,dlname132,probate-pay-perf132
caveatfirst133,caveatlast133,probate-perftest133,dfname133,dlname133,probate-pay-perf133
caveatfirst134,caveatlast134,probate-perftest134,dfname134,dlname134,probate-pay-perf134
caveatfirst135,caveatlast135,probate-perftest135,dfname135,dlname135,probate-pay-perf135
caveatfirst136,caveatlast136,probate-perftest136,dfname136,dlname136,probate-pay-perf136
caveatfirst137,caveatlast137,probate-perftest137,dfname137,dlname137,probate-pay-perf137
caveatfirst138,caveatlast138,probate-perftest138,dfname138,dlname138,probate-pay-perf138
caveatfirst139,caveatlast139,probate-perftest139,dfname139,dlname139,probate-pay-perf139
caveatfirst140,caveatlast140,probate-perftest140,dfname140,dlname140,probate-pay-perf140
caveatfirst141,caveatlast141,probate-perftest141,dfname141,dlname141,probate-pay-perf141
caveatfirst142,caveatlast142,probate-perftest142,dfname142,dlname142,probate-pay-perf142
caveatfirst143,caveatlast143,probate-perftest143,dfname143,dlname143,probate-pay-perf143
caveatfirst144,caveatlast144,probate-perftest144,dfname144,dlname144,probate-pay-perf144
caveatfirst145,caveatlast145,probate-perftest145,dfname145,dlname145,probate-pay-perf145
caveatfirst146,caveatlast146,probate-perftest146,dfname146,dlname146,probate-pay-perf146
caveatfirst147,caveatlast147,probate-perftest147,dfname147,dlname147,probate-pay-perf147
caveatfirst148,caveatlast148,probate-perftest148,dfname148,dlname148,probate-pay-perf148
caveatfirst149,caveatlast149,probate-perftest149,dfname149,dlname149,probate-pay-perf149
caveatfirst150,caveatlast150,probate-perftest150,dfname150,dlname150,probate-pay-perf150
caveatfirst151,caveatlast151,probate-perftest151,dfname151,dlname151,probate-pay-perf151
caveatfirst152,caveatlast152,probate-perftest152,dfname152,dlname152,probate-pay-perf152
caveatfirst153,caveatlast153,probate-perftest153,dfname153,dlname153,probate-pay-perf153
caveatfirst154,caveatlast154,probate-perftest154,dfname154,dlname154,probate-pay-perf154
caveatfirst155,caveatlast155,probate-perftest155,dfname155,dlname155,probate-pay-perf155
caveatfirst156,caveatlast156,probate-perftest156,dfname156,dlname156,probate-pay-perf156
caveatfirst157,caveatlast157,probate-perftest157,dfname157,dlname157,probate-pay-perf157
caveatfirst158,caveatlast158,probate-perftest158,dfname158,dlname158,probate-pay-perf158
caveatfirst159,caveatlast159,probate-perftest159,dfname159,dlname159,probate-pay-perf159
caveatfirst160,caveatlast160,probate-perftest160,dfname160,dlname160,probate-pay-perf160
caveatfirst161,caveatlast161,probate-perftest161,dfname161,dlname161,probate-pay-perf161
caveatfirst162,caveatlast162,probate-perftest162,dfname162,dlname162,probate-pay-perf162
caveatfirst163,caveatlast163,probate-perftest163,dfname163,dlname163,probate-pay-perf163
caveatfirst164,caveatlast164,probate-perftest164,dfname164,dlname164,probate-pay-perf164
caveatfirst165,caveatlast165,probate-perftest165,dfname165,dlname165,probate-pay-perf165
caveatfirst166,caveatlast166,probate-perftest166,dfname166,dlname166,probate-pay-perf166
caveatfirst167,caveatlast167,probate-perftest167,dfname167,dlname167,probate-pay-perf167
caveatfirst168,caveatlast168,probate-perftest168,dfname168,dlname168,probate-pay-perf168
caveatfirst169,caveatlast169,probate-perftest169,dfname169,dlname169,probate-pay-perf169
caveatfirst170,caveatlast170,probate-perftest170,dfname170,dlname170,probate-pay-perf170
caveatfirst171,caveatlast171,probate-perftest171,dfname171,dlname171,probate-pay-perf171
caveatfirst172,caveatlast172,probate-perftest172,dfname172,dlname172,probate-pay-perf172
caveatfirst173,caveatlast173,probate-perftest173,dfname173,dlname173,probate-pay-perf173
caveatfirst174,caveatlast174,probate-perftest174,dfname174,dlname174,probate-pay-perf174
caveatfirst175,caveatlast175,probate-perftest175,dfname175,dlname175,probate-pay-perf175
caveatfirst176,caveatlast176,probate-perftest176,dfname176,dlname176,probate-pay-perf176
caveatfirst177,caveatlast177,probate-perftest177,dfname177,dlname177,probate-pay-perf177
caveatfirst178,caveatlast178,probate-perftest178,dfname178,dlname178,probate-pay-perf178
caveatfirst179,caveatlast179,probate-perftest179,dfname179,dlname179,probate-pay-perf179
caveatfirst180,caveatlast180,probate-perftest180,dfname180,dlname180,probate-pay-perf180
caveatfirst181,caveatlast181,probate-perftest181,dfname181,dlname181,probate-pay-perf181
caveatfirst182,caveatlast182,probate-perftest182,dfname182,dlname182,probate-pay-perf182
caveatfirst183,caveatlast183,probate-perftest183,dfname183,dlname183,probate-pay-perf183
caveatfirst184,caveatlast184,probate-perftest184,dfname184,dlname184,probate-pay-perf184
caveatfirst185,caveatlast185,probate-perftest185,dfname185,dlname185,probate-pay-perf185
caveatfirst186,caveatlast186,probate-perftest186,dfname186,dlname186,probate-pay-perf186
caveatfirst187,caveatlast187,probate-perftest187,dfname187,dlname187,probate-pay-perf187
caveatfirst188,caveatlast188,probate-perftest188,dfname188,dlname188,probate-pay-perf188
caveatfirst189,caveatlast189,probate-perftest189,dfname189,dlname189,probate-pay-perf189
caveatfirst190,caveatlast190,probate-perftest190,dfname190,dlname190,probate-pay-perf190
caveatfirst191,caveatlast191,probate-perftest191,dfname191,dlname191,probate-pay-perf191
caveatfirst192,caveatlast192,probate-perftest192,dfname192,dlname192,probate-pay-perf192
caveatfirst193,caveatlast193,probate-perftest193,dfname193,dlname193,probate-pay-perf193
caveatfirst194,caveatlast194,probate-perftest194,dfname194,dlname194,probate-pay-perf194
caveatfirst195,caveatlast195,probate-perftest195,dfname195,dlname195,probate-pay-perf195
caveatfirst196,caveatlast196,probate-perftest196,dfname196,dlname196,probate-pay-perf196
caveatfirst197,caveatlast197,probate-perftest197,dfname197,dlname197,probate-pay-perf197
caveatfirst198,caveatlast198,probate-perftest198,dfname198,dlname198,probate-pay-perf198
caveatfirst199,caveatlast199,probate-perftest199,dfname199,dlname199,probate-pay-perf199
caveatfirst200,caveatlast200,probate-perftest200,dfname200,dlname200,probate-pay-perf200
caveatfirst201,caveatlast201,probate-perftest201,dfname201,dlname201,probate-pay-perf201
caveatfirst202,caveatlast202,probate-perftest202,dfname202,dlname202,probate-pay-perf202
caveatfirst203,caveatlast203,probate-perftest203,dfname203,dlname203,probate-pay-perf203
caveatfirst204,caveatlast204,probate-perftest204,dfname204,dlname204,probate-pay-perf204
caveatfirst205,caveatlast205,probate-perftest205,dfname205,dlname205,probate-pay-perf205
caveatfirst206,caveatlast206,probate-perftest206,dfname206,dlname206,probate-pay-perf206
caveatfirst207,caveatlast207,probate-perftest207,dfname207,dlname207,probate-pay-perf207
caveatfirst208,caveatlast208,probate-perftest208,dfname208,dlname208,probate-pay-perf208
caveatfirst209,caveatlast209,probate-perftest209,dfname209,dlname209,probate-pay-perf209
caveatfirst210,caveatlast210,probate-perftest210,dfname210,dlname210,probate-pay-perf210
caveatfirst211,caveatlast211,probate-perftest211,dfname211,dlname211,probate-pay-perf211
caveatfirst212,caveatlast212,probate-perftest212,dfname212,dlname212,probate-pay-perf212
caveatfirst213,caveatlast213,probate-perftest213,dfname213,dlname213,probate-pay-perf213
caveatfirst214,caveatlast214,probate-perftest214,dfname214,dlname214,probate-pay-perf214
caveatfirst215,caveatlast215,probate-perftest215,dfname215,dlname215,probate-pay-perf215
caveatfirst216,caveatlast216,probate-perftest216,dfname216,dlname216,probate-pay-perf216
caveatfirst217,caveatlast217,probate-perftest217,dfname217,dlname217,probate-pay-perf217
caveatfirst218,caveatlast218,probate-perftest218,dfname218,dlname218,probate-pay-perf218
caveatfirst219,caveatlast219,probate-perftest219,dfname219,dlname219,probate-pay-perf219
caveatfirst220,caveatlast220,probate-perftest220,dfname220,dlname220,probate-pay-perf220
caveatfirst221,caveatlast221,probate-perftest221,dfname221,dlname221,probate-pay-perf221
caveatfirst222,caveatlast222,probate-perftest222,dfname222,dlname222,probate-pay-perf222
caveatfirst223,caveatlast223,probate-perftest223,dfname223,dlname223,probate-pay-perf223
caveatfirst224,caveatlast224,probate-perftest224,dfname224,dlname224,probate-pay-perf224
caveatfirst225,caveatlast225,probate-perftest225,dfname225,dlname225,probate-pay-perf225
caveatfirst226,caveatlast226,probate-perftest226,dfname226,dlname226,probate-pay-perf226
caveatfirst227,caveatlast227,probate-perftest227,dfname227,dlname227,probate-pay-perf227
caveatfirst228,caveatlast228,probate-perftest228,dfname228,dlname228,probate-pay-perf228
caveatfirst229,caveatlast229,probate-perftest229,dfname229,dlname229,probate-pay-perf229
caveatfirst230,caveatlast230,probate-perftest230,dfname230,dlname230,probate-pay-perf230
caveatfirst231,caveatlast231,probate-perftest231,dfname231,dlname231,probate-pay-perf231
caveatfirst232,caveatlast232,probate-perftest232,dfname232,dlname232,probate-pay-perf232
caveatfirst233,caveatlast233,probate-perftest233,dfname233,dlname233,probate-pay-perf233
caveatfirst234,caveatlast234,probate-perftest234,dfname234,dlname234,probate-pay-perf234
caveatfirst235,caveatlast235,probate-perftest235,dfname235,dlname235,probate-pay-perf235
caveatfirst236,caveatlast236,probate-perftest236,dfname236,dlname236,probate-pay-perf236
caveatfirst237,caveatlast237,probate-perftest237,dfname237,dlname237,probate-pay-perf237
caveatfirst238,caveatlast238,probate-perftest238,dfname238,dlname238,probate-pay-perf238
caveatfirst239,caveatlast239,probate-perftest239,dfname239,dlname239,probate-pay-perf239
caveatfirst240,caveatlast240,probate-perftest240,dfname240,dlname240,probate-pay-perf240
caveatfirst241,caveatlast241,probate-perftest241,dfname241,dlname241,probate-pay-perf241
caveatfirst242,caveatlast242,probate-perftest242,dfname242,dlname242,probate-pay-perf242
caveatfirst243,caveatlast243,probate-perftest243,dfname243,dlname243,probate-pay-perf243
caveatfirst244,caveatlast244,probate-perftest244,dfname244,dlname244,probate-pay-perf244
caveatfirst245,caveatlast245,probate-perftest245,dfname245,dlname245,probate-pay-perf245
caveatfirst246,caveatlast246,probate-perftest246,dfname246,dlname246,probate-pay-perf246
caveatfirst247,caveatlast247,probate-perftest247,dfname247,dlname247,probate-pay-perf247
caveatfirst248,caveatlast248,probate-perftest248,dfname248,dlname248,probate-pay-perf248
caveatfirst249,caveatlast249,probate-perftest249,dfname249,dlname249,probate-pay-perf249
caveatfirst250,caveatlast250,probate-perftest250,dfname250,dlname250,probate-pay-perf250
caveatfirst251,caveatlast251,probate-perftest251,dfname251,dlname251,probate-pay-perf251
caveatfirst252,caveatlast252,probate-perftest252,dfname252,dlname252,probate-pay-perf252
caveatfirst253,caveatlast253,probate-perftest253,dfname253,dlname253,probate-pay-perf253
caveatfirst254,caveatlast254,probate-perftest254,dfname254,dlname254,probate-pay-perf254
caveatfirst255,caveatlast255,probate-perftest255,dfname255,dlname255,probate-pay-perf255
caveatfirst256,caveatlast256,probate-perftest256,dfname256,dlname256,probate-pay-perf256
caveatfirst257,caveatlast257,probate-perftest257,dfname257,dlname257,probate-pay-perf257
caveatfirst258,caveatlast258,probate-perftest258,dfname258,dlname258,probate-pay-perf258
caveatfirst259,caveatlast259,probate-perftest259,dfname259,dlname259,probate-pay-perf259
caveatfirst260,caveatlast260,probate-perftest260,dfname260,dlname260,probate-pay-perf260
caveatfirst261,caveatlast261,probate-perftest261,dfname261,dlname261,probate-pay-perf261
caveatfirst262,caveatlast262,probate-perftest262,dfname262,dlname262,probate-pay-perf262
caveatfirst263,caveatlast263,probate-perftest263,dfname263,dlname263,probate-pay-perf263
caveatfirst264,caveatlast264,probate-perftest264,dfname264,dlname264,probate-pay-perf264
caveatfirst265,caveatlast265,probate-perftest265,dfname265,dlname265,probate-pay-perf265
caveatfirst266,caveatlast266,probate-perftest266,dfname266,dlname266,probate-pay-perf266
caveatfirst267,caveatlast267,probate-perftest267,dfname267,dlname267,probate-pay-perf267
caveatfirst268,caveatlast268,probate-perftest268,dfname268,dlname268,probate-pay-perf268
caveatfirst269,caveatlast269,probate-perftest269,dfname269,dlname269,probate-pay-perf269
caveatfirst270,caveatlast270,probate-perftest270,dfname270,dlname270,probate-pay-perf270
caveatfirst271,caveatlast271,probate-perftest271,dfname271,dlname271,probate-pay-perf271
caveatfirst272,caveatlast272,probate-perftest272,dfname272,dlname272,probate-pay-perf272
caveatfirst273,caveatlast273,probate-perftest273,dfname273,dlname273,probate-pay-perf273
caveatfirst274,caveatlast274,probate-perftest274,dfname274,dlname274,probate-pay-perf274
caveatfirst275,caveatlast275,probate-perftest275,dfname275,dlname275,probate-pay-perf275
caveatfirst276,caveatlast276,probate-perftest276,dfname276,dlname276,probate-pay-perf276
caveatfirst277,caveatlast277,probate-perftest277,dfname277,dlname277,probate-pay-perf277
caveatfirst278,caveatlast278,probate-perftest278,dfname278,dlname278,probate-pay-perf278
caveatfirst279,caveatlast279,probate-perftest279,dfname279,dlname279,probate-pay-perf279
caveatfirst280,caveatlast280,probate-perftest280,dfname280,dlname280,probate-pay-perf280
caveatfirst281,caveatlast281,probate-perftest281,dfname281,dlname281,probate-pay-perf281
caveatfirst282,caveatlast282,probate-perftest282,dfname282,dlname282,probate-pay-perf282
caveatfirst283,caveatlast283,probate-perftest283,dfname283,dlname283,probate-pay-perf283
caveatfirst284,caveatlast284,probate-perftest284,dfname284,dlname284,probate-pay-perf284
caveatfirst285,caveatlast285,probate-perftest285,dfname285,dlname285,probate-pay-perf285
caveatfirst286,caveatlast286,probate-perftest286,dfname286,dlname286,probate-pay-perf286
caveatfirst287,caveatlast287,probate-perftest287,dfname287,dlname287,probate-pay-perf287
caveatfirst288,caveatlast288,probate-perftest288,dfname288,dlname288,probate-pay-perf288
caveatfirst289,caveatlast289,probate-perftest289,dfname289,dlname289,probate-pay-perf289
caveatfirst290,caveatlast290,probate-perftest290,dfname290,dlname290,probate-pay-perf290
caveatfirst291,caveatlast291,probate-perftest291,dfname291,dlname291,probate-pay-perf291
caveatfirst292,caveatlast292,probate-perftest292,dfname292,dlname292,probate-pay-perf292
caveatfirst293,caveatlast293,probate-perftest293,dfname293,dlname293,probate-pay-perf293
caveatfirst294,caveatlast294,probate-perftest294,dfname294,dlname294,probate-pay-perf294
caveatfirst295,caveatlast295,probate-perftest295,dfname295,dlname295,probate-pay-perf295
caveatfirst296,caveatlast296,probate-perftest296,dfname296,dlname296,probate-pay-perf296
caveatfirst297,caveatlast297,probate-perftest297,dfname297,dlname297,probate-pay-perf297
caveatfirst298,caveatlast298,probate-perftest298,dfname298,dlname298,probate-pay-perf298
caveatfirst299,caveatlast299,probate-perftest299,dfname299,dlname299,probate-pay-perf299
caveatfirst300,caveatlast300,probate-perftest300,dfname300,dlname300,probate-pay-perf300
caveatfirst301,caveatlast301,probate-perftest301,dfname301,dlname301,probate-pay-perf301
caveatfirst302,caveatlast302,probate-perftest302,dfname302,dlname302,probate-pay-perf302
caveatfirst303,caveatlast303,probate-perftest303,dfname303,dlname303,probate-pay-perf303
caveatfirst304,caveatlast304,probate-perftest304,dfname304,dlname304,probate-pay-perf304
caveatfirst305,caveatlast305,probate-perftest305,dfname305,dlname305,probate-pay-perf305
caveatfirst306,caveatlast306,probate-perftest306,dfname306,dlname306,probate-pay-perf306
caveatfirst307,caveatlast307,probate-perftest307,dfname307,dlname307,probate-pay-perf307
caveatfirst308,caveatlast308,probate-perftest308,dfname308,dlname308,probate-pay-perf308
caveatfirst309,caveatlast309,probate-perftest309,dfname309,dlname309,probate-pay-perf309
caveatfirst310,caveatlast310,probate-perftest310,dfname310,dlname310,probate-pay-perf310
caveatfirst311,caveatlast311,probate-perftest311,dfname311,dlname311,probate-pay-perf311
caveatfirst312,caveatlast312,probate-perftest312,dfname312,dlname312,probate-pay-perf312
caveatfirst313,caveatlast313,probate-perftest313,dfname313,dlname313,probate-pay-perf313
caveatfirst314,caveatlast314,probate-perftest314,dfname314,dlname314,probate-pay-perf314
caveatfirst315,caveatlast315,probate-perftest315,dfname315,dlname315,probate-pay-perf315
caveatfirst316,caveatlast316,probate-perftest316,dfname316,dlname316,probate-pay-perf316
caveatfirst317,caveatlast317,probate-perftest317,dfname317,dlname317,probate-pay-perf317
caveatfirst318,caveatlast318,probate-perftest318,dfname318,dlname318,probate-pay-perf318
caveatfirst319,caveatlast319,probate-perftest319,dfname319,dlname319,probate-pay-perf319
caveatfirst320,caveatlast320,probate-perftest320,dfname320,dlname320,probate-pay-perf320
caveatfirst321,caveatlast321,probate-perftest321,dfname321,dlname321,probate-pay-perf321
caveatfirst322,caveatlast322,probate-perftest322,dfname322,dlname322,probate-pay-perf322
caveatfirst323,caveatlast323,probate-perftest323,dfname323,dlname323,probate-pay-perf323
caveatfirst324,caveatlast324,probate-perftest324,dfname324,dlname324,probate-pay-perf324
caveatfirst325,caveatlast325,probate-perftest325,dfname325,dlname325,probate-pay-perf325
caveatfirst326,caveatlast326,probate-perftest326,dfname326,dlname326,probate-pay-perf326
caveatfirst327,caveatlast327,probate-perftest327,dfname327,dlname327,probate-pay-perf327
caveatfirst328,caveatlast328,probate-perftest328,dfname328,dlname328,probate-pay-perf328
caveatfirst329,caveatlast329,probate-perftest329,dfname329,dlname329,probate-pay-perf329
caveatfirst330,caveatlast330,probate-perftest330,dfname330,dlname330,probate-pay-perf330
caveatfirst331,caveatlast331,probate-perftest331,dfname331,dlname331,probate-pay-perf331
caveatfirst332,caveatlast332,probate-perftest332,dfname332,dlname332,probate-pay-perf332
caveatfirst333,caveatlast333,probate-perftest333,dfname333,dlname333,probate-pay-perf333
caveatfirst334,caveatlast334,probate-perftest334,dfname334,dlname334,probate-pay-perf334
caveatfirst335,caveatlast335,probate-perftest335,dfname335,dlname335,probate-pay-perf335
caveatfirst336,caveatlast336,probate-perftest336,dfname336,dlname336,probate-pay-perf336
caveatfirst337,caveatlast337,probate-perftest337,dfname337,dlname337,probate-pay-perf337
caveatfirst338,caveatlast338,probate-perftest338,dfname338,dlname338,probate-pay-perf338
caveatfirst339,caveatlast339,probate-perftest339,dfname339,dlname339,probate-pay-perf339
caveatfirst340,caveatlast340,probate-perftest340,dfname340,dlname340,probate-pay-perf340
caveatfirst341,caveatlast341,probate-perftest341,dfname341,dlname341,probate-pay-perf341
caveatfirst342,caveatlast342,probate-perftest342,dfname342,dlname342,probate-pay-perf342
caveatfirst343,caveatlast343,probate-perftest343,dfname343,dlname343,probate-pay-perf343
caveatfirst344,caveatlast344,probate-perftest344,dfname344,dlname344,probate-pay-perf344
caveatfirst345,caveatlast345,probate-perftest345,dfname345,dlname345,probate-pay-perf345
caveatfirst346,caveatlast346,probate-perftest346,dfname346,dlname346,probate-pay-perf346
caveatfirst347,caveatlast347,probate-perftest347,dfname347,dlname347,probate-pay-perf347
caveatfirst348,caveatlast348,probate-perftest348,dfname348,dlname348,probate-pay-perf348
caveatfirst349,caveatlast349,probate-perftest349,dfname349,dlname349,probate-pay-perf349
caveatfirst350,caveatlast350,probate-perftest350,dfname350,dlname350,probate-pay-perf350
caveatfirst351,caveatlast351,probate-perftest351,dfname351,dlname351,probate-pay-perf351
caveatfirst352,caveatlast352,probate-perftest352,dfname352,dlname352,probate-pay-perf352
caveatfirst353,caveatlast353,probate-perftest353,dfname353,dlname353,probate-pay-perf353
caveatfirst354,caveatlast354,probate-perftest354,dfname354,dlname354,probate-pay-perf354
caveatfirst355,caveatlast355,probate-perftest355,dfname355,dlname355,probate-pay-perf355
caveatfirst356,caveatlast356,probate-perftest356,dfname356,dlname356,probate-pay-perf356
caveatfirst357,caveatlast357,probate-perftest357,dfname357,dlname357,probate-pay-perf357
caveatfirst358,caveatlast358,probate-perftest358,dfname358,dlname358,probate-pay-perf358
caveatfirst359,caveatlast359,probate-perftest359,dfname359,dlname359,probate-pay-perf359
caveatfirst360,caveatlast360,probate-perftest360,dfname360,dlname360,probate-pay-perf360
caveatfirst361,caveatlast361,probate-perftest361,dfname361,dlname361,probate-pay-perf361
caveatfirst362,caveatlast362,probate-perftest362,dfname362,dlname362,probate-pay-perf362
caveatfirst363,caveatlast363,probate-perftest363,dfname363,dlname363,probate-pay-perf363
caveatfirst364,caveatlast364,probate-perftest364,dfname364,dlname364,probate-pay-perf364
caveatfirst365,caveatlast365,probate-perftest365,dfname365,dlname365,probate-pay-perf365
caveatfirst366,caveatlast366,probate-perftest366,dfname366,dlname366,probate-pay-perf366
caveatfirst367,caveatlast367,probate-perftest367,dfname367,dlname367,probate-pay-perf367
caveatfirst368,caveatlast368,probate-perftest368,dfname368,dlname368,probate-pay-perf368
caveatfirst369,caveatlast369,probate-perftest369,dfname369,dlname369,probate-pay-perf369
caveatfirst370,caveatlast370,probate-perftest370,dfname370,dlname370,probate-pay-perf370
caveatfirst371,caveatlast371,probate-perftest371,dfname371,dlname371,probate-pay-perf371
caveatfirst372,caveatlast372,probate-perftest372,dfname372,dlname372,probate-pay-perf372
caveatfirst373,caveatlast373,probate-perftest373,dfname373,dlname373,probate-pay-perf373
caveatfirst374,caveatlast374,probate-perftest374,dfname374,dlname374,probate-pay-perf374
caveatfirst375,caveatlast375,probate-perftest375,dfname375,dlname375,probate-pay-perf375
caveatfirst376,caveatlast376,probate-perftest376,dfname376,dlname376,probate-pay-perf376
caveatfirst377,caveatlast377,probate-perftest377,dfname377,dlname377,probate-pay-perf377
caveatfirst378,caveatlast378,probate-perftest378,dfname378,dlname378,probate-pay-perf378
caveatfirst379,caveatlast379,probate-perftest379,dfname379,dlname379,probate-pay-perf379
caveatfirst380,caveatlast380,probate-perftest380,dfname380,dlname380,probate-pay-perf380
caveatfirst381,caveatlast381,probate-perftest381,dfname381,dlname381,probate-pay-perf381
caveatfirst382,caveatlast382,probate-perftest382,dfname382,dlname382,probate-pay-perf382
caveatfirst383,caveatlast383,probate-perftest383,dfname383,dlname383,probate-pay-perf383
caveatfirst384,caveatlast384,probate-perftest384,dfname384,dlname384,probate-pay-perf384
caveatfirst385,caveatlast385,probate-perftest385,dfname385,dlname385,probate-pay-perf385
caveatfirst386,caveatlast386,probate-perftest386,dfname386,dlname386,probate-pay-perf386
caveatfirst387,caveatlast387,probate-perftest387,dfname387,dlname387,probate-pay-perf387
caveatfirst388,caveatlast388,probate-perftest388,dfname388,dlname388,probate-pay-perf388
caveatfirst389,caveatlast389,probate-perftest389,dfname389,dlname389,probate-pay-perf389
caveatfirst390,caveatlast390,probate-perftest390,dfname390,dlname390,probate-pay-perf390
caveatfirst391,caveatlast391,probate-perftest391,dfname391,dlname391,probate-pay-perf391
caveatfirst392,caveatlast392,probate-perftest392,dfname392,dlname392,probate-pay-perf392
caveatfirst393,caveatlast393,probate-perftest393,dfname393,dlname393,probate-pay-perf393
caveatfirst394,caveatlast394,probate-perftest394,dfname394,dlname394,probate-pay-perf394
caveatfirst395,caveatlast395,probate-perftest395,dfname395,dlname395,probate-pay-perf395
caveatfirst396,caveatlast396,probate-perftest396,dfname396,dlname396,probate-pay-perf396
caveatfirst397,caveatlast397,probate-perftest397,dfname397,dlname397,probate-pay-perf397
caveatfirst398,caveatlast398,probate-perftest398,dfname398,dlname398,probate-pay-perf398
caveatfirst399,caveatlast399,probate-perftest399,dfname399,dlname399,probate-pay-perf399
caveatfirst400,caveatlast400,probate-perftest400,dfname400,dlname400,probate-pay-perf400
caveatfirst401,caveatlast401,probate-perftest401,dfname401,dlname401,probate-pay-perf401
caveatfirst402,caveatlast402,probate-perftest402,dfname402,dlname402,probate-pay-perf402
caveatfirst403,caveatlast403,probate-perftest403,dfname403,dlname403,probate-pay-perf403
caveatfirst404,caveatlast404,probate-perftest404,dfname404,dlname404,probate-pay-perf404
caveatfirst405,caveatlast405,probate-perftest405,dfname405,dlname405,probate-pay-perf405
caveatfirst406,caveatlast406,probate-perftest406,dfname406,dlname406,probate-pay-perf406
caveatfirst407,caveatlast407,probate-perftest407,dfname407,dlname407,probate-pay-perf407
caveatfirst408,caveatlast408,probate-perftest408,dfname408,dlname408,probate-pay-perf408
caveatfirst409,caveatlast409,probate-perftest409,dfname409,dlname409,probate-pay-perf409
caveatfirst410,caveatlast410,probate-perftest410,dfname410,dlname410,probate-pay-perf410
caveatfirst411,caveatlast411,probate-perftest411,dfname411,dlname411,probate-pay-perf411
caveatfirst412,caveatlast412,probate-perftest412,dfname412,dlname412,probate-pay-perf412
caveatfirst413,caveatlast413,probate-perftest413,dfname413,dlname413,probate-pay-perf413
caveatfirst414,caveatlast414,probate-perftest414,dfname414,dlname414,probate-pay-perf414
caveatfirst415,caveatlast415,probate-perftest415,dfname415,dlname415,probate-pay-perf415
caveatfirst416,caveatlast416,probate-perftest416,dfname416,dlname416,probate-pay-perf416
caveatfirst417,caveatlast417,probate-perftest417,dfname417,dlname417,probate-pay-perf417
caveatfirst418,caveatlast418,probate-perftest418,dfname418,dlname418,probate-pay-perf418
caveatfirst419,caveatlast419,probate-perftest419,dfname419,dlname419,probate-pay-perf419
caveatfirst420,caveatlast420,probate-perftest420,dfname420,dlname420,probate-pay-perf420
caveatfirst421,caveatlast421,probate-perftest421,dfname421,dlname421,probate-pay-perf421
caveatfirst422,caveatlast422,probate-perftest422,dfname422,dlname422,probate-pay-perf422
caveatfirst423,caveatlast423,probate-perftest423,dfname423,dlname423,probate-pay-perf423
caveatfirst424,caveatlast424,probate-perftest424,dfname424,dlname424,probate-pay-perf424
caveatfirst425,caveatlast425,probate-perftest425,dfname425,dlname425,probate-pay-perf425
caveatfirst426,caveatlast426,probate-perftest426,dfname426,dlname426,probate-pay-perf426
caveatfirst427,caveatlast427,probate-perftest427,dfname427,dlname427,probate-pay-perf427
caveatfirst428,caveatlast428,probate-perftest428,dfname428,dlname428,probate-pay-perf428
caveatfirst429,caveatlast429,probate-perftest429,dfname429,dlname429,probate-pay-perf429
caveatfirst430,caveatlast430,probate-perftest430,dfname430,dlname430,probate-pay-perf430
caveatfirst431,caveatlast431,probate-perftest431,dfname431,dlname431,probate-pay-perf431
caveatfirst432,caveatlast432,probate-perftest432,dfname432,dlname432,probate-pay-perf432
caveatfirst433,caveatlast433,probate-perftest433,dfname433,dlname433,probate-pay-perf433
caveatfirst434,caveatlast434,probate-perftest434,dfname434,dlname434,probate-pay-perf434
caveatfirst435,caveatlast435,probate-perftest435,dfname435,dlname435,probate-pay-perf435
caveatfirst436,caveatlast436,probate-perftest436,dfname436,dlname436,probate-pay-perf436
caveatfirst437,caveatlast437,probate-perftest437,dfname437,dlname437,probate-pay-perf437
caveatfirst438,caveatlast438,probate-perftest438,dfname438,dlname438,probate-pay-perf438
caveatfirst439,caveatlast439,probate-perftest439,dfname439,dlname439,probate-pay-perf439
caveatfirst440,caveatlast440,probate-perftest440,dfname440,dlname440,probate-pay-perf440
caveatfirst441,caveatlast441,probate-perftest441,dfname441,dlname441,probate-pay-perf441
caveatfirst442,caveatlast442,probate-perftest442,dfname442,dlname442,probate-pay-perf442
caveatfirst443,caveatlast443,probate-perftest443,dfname443,dlname443,probate-pay-perf443
caveatfirst444,caveatlast444,probate-perftest444,dfname444,dlname444,probate-pay-perf444
caveatfirst445,caveatlast445,probate-perftest445,dfname445,dlname445,probate-pay-perf445
caveatfirst446,caveatlast446,probate-perftest446,dfname446,dlname446,probate-pay-perf446
caveatfirst447,caveatlast447,probate-perftest447,dfname447,dlname447,probate-pay-perf447
caveatfirst448,caveatlast448,probate-perftest448,dfname448,dlname448,probate-pay-perf448
caveatfirst449,caveatlast449,probate-perftest449,dfname449,dlname449,probate-pay-perf449
caveatfirst450,caveatlast450,probate-perftest450,dfname450,dlname450,probate-pay-perf450
caveatfirst451,caveatlast451,probate-perftest451,dfname451,dlname451,probate-pay-perf451
caveatfirst452,caveatlast452,probate-perftest452,dfname452,dlname452,probate-pay-perf452
caveatfirst453,caveatlast453,probate-perftest453,dfname453,dlname453,probate-pay-perf453
caveatfirst454,caveatlast454,probate-perftest454,dfname454,dlname454,probate-pay-perf454
caveatfirst455,caveatlast455,probate-perftest455,dfname455,dlname455,probate-pay-perf455
caveatfirst456,caveatlast456,probate-perftest456,dfname456,dlname456,probate-pay-perf456
caveatfirst457,caveatlast457,probate-perftest457,dfname457,dlname457,probate-pay-perf457
caveatfirst458,caveatlast458,probate-perftest458,dfname458,dlname458,probate-pay-perf458
caveatfirst459,caveatlast459,probate-perftest459,dfname459,dlname459,probate-pay-perf459
caveatfirst460,caveatlast460,probate-perftest460,dfname460,dlname460,probate-pay-perf460
caveatfirst461,caveatlast461,probate-perftest461,dfname461,dlname461,probate-pay-perf461
caveatfirst462,caveatlast462,probate-perftest462,dfname462,dlname462,probate-pay-perf462
caveatfirst463,caveatlast463,probate-perftest463,dfname463,dlname463,probate-pay-perf463
caveatfirst464,caveatlast464,probate-perftest464,dfname464,dlname464,probate-pay-perf464
caveatfirst465,caveatlast465,probate-perftest465,dfname465,dlname465,probate-pay-perf465
caveatfirst466,caveatlast466,probate-perftest466,dfname466,dlname466,probate-pay-perf466
caveatfirst467,caveatlast467,probate-perftest467,dfname467,dlname467,probate-pay-perf467
caveatfirst468,caveatlast468,probate-perftest468,dfname468,dlname468,probate-pay-perf468
caveatfirst469,caveatlast469,probate-perftest469,dfname469,dlname469,probate-pay-perf469
caveatfirst470,caveatlast470,probate-perftest470,dfname470,dlname470,probate-pay-perf470
caveatfirst471,caveatlast471,probate-perftest471,dfname471,dlname471,probate-pay-perf471
caveatfirst472,caveatlast472,probate-perftest472,dfname472,dlname472,probate-pay-perf472
caveatfirst473,caveatlast473,probate-perftest473,dfname473,dlname473,probate-pay-perf473
caveatfirst474,caveatlast474,probate-perftest474,dfname474,dlname474,probate-pay-perf474
caveatfirst475,caveatlast475,probate-perftest475,dfname475,dlname475,probate-pay-perf475
caveatfirst476,caveatlast476,probate-perftest476,dfname476,dlname476,probate-pay-perf476
caveatfirst477,caveatlast477,probate-perftest477,dfname477,dlname477,probate-pay-perf477
caveatfirst478,caveatlast478,probate-perftest478,dfname478,dlname478,probate-pay-perf478
caveatfirst479,caveatlast479,probate-perftest479,dfname479,dlname479,probate-pay-perf479
caveatfirst480,caveatlast480,probate-perftest480,dfname480,dlname480,probate-pay-perf480
caveatfirst481,caveatlast481,probate-perftest481,dfname481,dlname481,probate-pay-perf481
caveatfirst482,caveatlast482,probate-perftest482,dfname482,dlname482,probate-pay-perf482
caveatfirst483,caveatlast483,probate-perftest483,dfname483,dlname483,probate-pay-perf483
caveatfirst484,caveatlast484,probate-perftest484,dfname484,dlname484,probate-pay-perf484
caveatfirst485,caveatlast485,probate-perftest485,dfname485,dlname485,probate-pay-perf485
caveatfirst486,caveatlast486,probate-perftest486,dfname486,dlname486,probate-pay-perf486
caveatfirst487,caveatlast487,probate-perftest487,dfname487,dlname487,probate-pay-perf487
caveatfirst488,caveatlast488,probate-perftest488,dfname488,dlname488,probate-pay-perf488
caveatfirst489,caveatlast489,probate-perftest489,dfname489,dlname489,probate-pay-perf489
caveatfirst490,caveatlast490,probate-perftest490,dfname490,dlname490,probate-pay-perf490
caveatfirst491,caveatlast491,probate-perftest491,dfname491,dlname491,probate-pay-perf491
caveatfirst492,caveatlast492,probate-perftest492,dfname492,dlname492,probate-pay-perf492
caveatfirst493,caveatlast493,probate-perftest493,dfname493,dlname493,probate-pay-perf493
caveatfirst494,caveatlast494,probate-perftest494,dfname494,dlname494,probate-pay-perf494
caveatfirst495,caveatlast495,probate-perftest495,dfname495,dlname495,probate-pay-perf495
caveatfirst496,caveatlast496,probate-perftest496,dfname496,dlname496,probate-pay-perf496
caveatfirst497,caveatlast497,probate-perftest497,dfname497,dlname497,probate-pay-perf497
caveatfirst498,caveatlast498,probate-perftest498,dfname498,dlname498,probate-pay-perf498
caveatfirst499,caveatlast499,probate-perftest499,dfname499,dlname499,probate-pay-perf499
